Course_ID,Course_Name,Category
201,Course_1,Design
202,Course_2,Business
203,Course_3,Design
204,Course_4,Business
205,Course_5,Design
206,Course_6,Data Science
207,Course_7,Design
208,Course_8,Business
209,Course_9,Business
210,Course_10,Programming
